identification,obj_id,obj_name,confidence,rotation,center_x,center_y,distance
3570,1,lcd,0.9948951601982117,-90,0,0,0
3571,2,switch,0.9888020753860474,-90,0,0,0
3572,10,key,0.9834343194961548,-6.340191841125488,0,0,0
3573,7,blue_button,0.9577743411064148,-90,0.2800000011920929,0.05141210928559303,-0.10368476063013077
3574,9,batteryholder,0.8533750772476196,-5.85601282119751,0.26600000262260437,-0.034428149461746216,-0.07316350936889648
